frame_id,filename,ts_iso,ts,width,height,leaf_coverage_pct,exg_mean,vari_mean,cive_mean,sharpness_laplacian,fruit_count,ripe,unripe,stains_area_pct,stains_method,malformed,frame_idx,ripe_pct
Mision_Prueba__20251007_212030,20251007_212030,2025-10-07T22:21:39-0500,2025-10-08 03:21:39+00:00,1920,1080,39.36164158950618,0.05491592362523079,-0.8270426988601685,18.773027420043945,359.6490721149617,113,0,113,2.6048418209876543,lab_threshold_v0.1,96,1,0.0
Mision_Prueba__20251007_212115,20251007_212115,2025-10-07T22:21:39-0500,2025-10-08 03:21:39+00:00,1920,1080,39.413146219135804,0.05515821650624275,-0.0395929329097271,18.772857666015625,342.8629058593964,128,0,128,2.719569830246914,lab_threshold_v0.1,88,2,0.0
Mision_Prueba__photo_2025-10-26_17-02-30,photo_2025-10-26_17-02-30,2025-11-10T00:28:52-0500,2025-11-10 05:28:52+00:00,1280,960,57.464111328125,0.1385629028081894,3.8863394260406494,18.7405948638916,1464.9988445548906,120,0,120,4.853759765625,lab_threshold_v0.1,157,3,0.0
Mision_Prueba__photo_10_2025-11-11_22-53-05,photo_10_2025-11-11_22-53-05,2025-11-11T22:53:05-0500,2025-11-12 03:53:05+00:00,1280,960,46.691569010416664,0.10990805178880692,18.350833892822266,18.752023696899414,5396.182110809561,126,0,126,4.749593098958333,lab_threshold_v0.1,197,4,0.0
Mision_Prueba__photo_11_2025-11-11_22-53-05,photo_11_2025-11-11_22-53-05,2025-11-11T22:53:05-0500,2025-11-12 03:53:05+00:00,1280,960,19.286214192708336,0.12750308215618134,10.633967399597168,18.745187759399414,5316.60156635925,278,0,278,1.1785481770833333,lab_threshold_v0.1,200,5,0.0
Mision_Prueba__photo_12_2025-11-11_22-53-05,photo_12_2025-11-11_22-53-05,2025-11-11T22:53:05-0500,2025-11-12 03:53:05+00:00,1280,960,33.5595703125,0.1843722015619278,6.6087799072265625,18.721899032592773,2777.474022543873,194,0,194,1.661376953125,lab_threshold_v0.1,193,6,0.0
Mision_Prueba__photo_13_2025-11-11_22-53-05,photo_13_2025-11-11_22-53-05,2025-11-11T22:53:05-0500,2025-11-12 03:53:05+00:00,1280,960,8.927083333333332,0.11647544801235199,-0.37717974185943604,18.74956703186035,2607.2167270567884,166,0,166,0.2696940104166667,lab_threshold_v0.1,111,7,0.0
Mision_Prueba__photo_14_2025-11-11_22-53-05,photo_14_2025-11-11_22-53-05,2025-11-11T22:53:05-0500,2025-11-12 03:53:05+00:00,1280,960,59.007242838541664,0.13300813734531403,0.4098280668258667,18.743207931518555,2609.1121578663137,215,0,215,5.047037760416667,lab_threshold_v0.1,199,8,0.0
Mision_Prueba__photo_15_2025-11-11_22-53-05,photo_15_2025-11-11_22-53-05,2025-11-11T22:53:05-0500,2025-11-12 03:53:05+00:00,1280,960,57.464111328125,0.1385629028081894,3.8863394260406494,18.7405948638916,1464.9988445548906,120,0,120,4.853759765625,lab_threshold_v0.1,157,9,0.0
Mision_Prueba__photo_16_2025-11-11_22-53-05,photo_16_2025-11-11_22-53-05,2025-11-11T22:53:05-0500,2025-11-12 03:53:05+00:00,1280,960,18.90185546875,0.1471734195947647,-0.6259790062904358,18.737958908081055,2818.5815690102477,233,0,233,1.383056640625,lab_threshold_v0.1,139,10,0.0
Mision_Prueba__photo_17_2025-11-11_22-53-05,photo_17_2025-11-11_22-53-05,2025-11-11T22:53:05-0500,2025-11-12 03:53:05+00:00,1280,960,61.62019856770833,0.1633266657590866,0.13350020349025726,18.731670379638672,3928.0668702772455,211,0,211,6.556722005208333,lab_threshold_v0.1,208,11,0.0
Mision_Prueba__photo_18_2025-11-11_22-53-05,photo_18_2025-11-11_22-53-05,2025-11-11T22:53:05-0500,2025-11-12 03:53:05+00:00,1280,960,13.914388020833332,0.14283891022205353,-0.19533681869506836,18.74011993408203,8142.826588503516,182,0,182,1.12890625,lab_threshold_v0.1,76,12,0.0
Mision_Prueba__photo_19_2025-11-11_22-53-05,photo_19_2025-11-11_22-53-05,2025-11-11T22:53:05-0500,2025-11-12 03:53:05+00:00,1280,960,51.61621093749999,0.1341942697763443,0.4685147702693939,18.743690490722656,8388.747241483383,252,0,252,6.105794270833333,lab_threshold_v0.1,166,13,0.0
Mision_Prueba__photo_1_2025-11-11_22-53-05,photo_1_2025-11-11_22-53-05,2025-11-11T22:53:05-0500,2025-11-12 03:53:05+00:00,1280,989,35.80597510111224,0.1133471205830574,59.0338020324707,18.749204635620117,11432.842782964735,52,0,52,2.3019622093023258,lab_threshold_v0.1,246,14,0.0
Mision_Prueba__photo_20_2025-11-11_22-53-05,photo_20_2025-11-11_22-53-05,2025-11-11T22:53:05-0500,2025-11-12 03:53:05+00:00,1280,960,51.90454101562501,0.16328729689121246,4.965111255645752,18.730173110961914,5118.439385482692,116,0,116,3.5528157552083335,lab_threshold_v0.1,304,15,0.0
Mision_Prueba__photo_21_2025-11-11_22-53-05,photo_21_2025-11-11_22-53-05,2025-11-11T22:53:05-0500,2025-11-12 03:53:05+00:00,1280,960,49.358479817708336,0.10845957696437836,10.350079536437988,18.752410888671875,7440.582784973352,83,0,83,5.603841145833333,lab_threshold_v0.1,218,16,0.0
Mision_Prueba__photo_22_2025-11-11_22-53-05,photo_22_2025-11-11_22-53-05,2025-11-11T22:53:05-0500,2025-11-12 03:53:05+00:00,1280,960,27.595621744791664,0.09957367926836014,86.58458709716797,18.755741119384766,6804.397714070066,188,0,188,2.194091796875,lab_threshold_v0.1,184,17,0.0
Mision_Prueba__photo_23_2025-11-11_22-53-05,photo_23_2025-11-11_22-53-05,2025-11-11T22:53:05-0500,2025-11-12 03:53:05+00:00,1280,960,49.52262369791667,0.12350985407829285,-0.34449538588523865,18.74736785888672,6991.694225497436,80,0,80,4.987141927083333,lab_threshold_v0.1,266,18,0.0
Mision_Prueba__photo_24_2025-11-11_22-53-05,photo_24_2025-11-11_22-53-05,2025-11-11T22:53:05-0500,2025-11-12 03:53:05+00:00,1280,960,67.71183268229166,0.1552431434392929,36.36936569213867,18.733327865600586,12455.62606756729,121,1,120,7.7412109375,lab_threshold_v0.1,334,19,0.8264462809917356
Mision_Prueba__photo_25_2025-11-11_22-53-05,photo_25_2025-11-11_22-53-05,2025-11-11T22:53:05-0500,2025-11-12 03:53:05+00:00,1280,960,64.72867838541667,0.13506227731704712,109.95341491699219,18.740873336791992,14801.688090132599,104,2,102,6.222819010416667,lab_threshold_v0.1,263,20,1.9230769230769231
Mision_Prueba__photo_26_2025-11-11_22-53-05,photo_26_2025-11-11_22-53-05,2025-11-11T22:53:05-0500,2025-11-12 03:53:05+00:00,1280,960,41.519287109375,0.12877638638019562,0.2834492325782776,18.74529266357422,7084.653545778322,98,0,98,4.201009114583333,lab_threshold_v0.1,177,21,0.0
Mision_Prueba__photo_27_2025-11-11_22-53-05,photo_27_2025-11-11_22-53-05,2025-11-11T22:53:05-0500,2025-11-12 03:53:05+00:00,1280,960,61.760335286458336,0.16233596205711365,0.9935421943664551,18.731760025024414,7469.788152928541,103,0,103,7.004720052083333,lab_threshold_v0.1,184,22,0.0
Mision_Prueba__photo_28_2025-11-11_22-53-05,photo_28_2025-11-11_22-53-05,2025-11-11T22:53:05-0500,2025-11-12 03:53:05+00:00,1280,960,61.684651692708336,0.13434448838233948,12.40684700012207,18.742984771728516,9036.842293813428,172,0,172,5.696533203125,lab_threshold_v0.1,273,23,0.0
Mision_Prueba__photo_29_2025-11-11_22-53-05,photo_29_2025-11-11_22-53-05,2025-11-11T22:53:05-0500,2025-11-12 03:53:05+00:00,1280,960,60.4755859375,0.11928655207157135,78.49364471435547,18.74746322631836,17957.05210700931,63,0,63,4.667724609375,lab_threshold_v0.1,296,24,0.0
Mision_Prueba__photo_2_2025-11-11_22-53-05,photo_2_2025-11-11_22-53-05,2025-11-11T22:53:05-0500,2025-11-12 03:53:05+00:00,1280,960,53.892578125,0.12196274846792221,11.799114227294922,18.746841430664062,4400.155345108095,107,0,107,6.144775390625,lab_threshold_v0.1,223,25,0.0
Mision_Prueba__photo_30_2025-11-11_22-53-05,photo_30_2025-11-11_22-53-05,2025-11-11T22:53:05-0500,2025-11-12 03:53:05+00:00,1280,960,54.71712239583333,0.10495078563690186,64.70056915283203,18.75313377380371,15739.75850173194,55,0,55,4.653971354166667,lab_threshold_v0.1,238,26,0.0
Mision_Prueba__photo_31_2025-11-11_22-53-05,photo_31_2025-11-11_22-53-05,2025-11-11T22:53:05-0500,2025-11-12 03:53:05+00:00,1280,960,57.244547526041664,0.14658485352993011,2.344198226928711,18.738134384155273,8815.903823092878,118,1,117,5.548828125,lab_threshold_v0.1,308,27,0.847457627118644
Mision_Prueba__photo_32_2025-11-11_22-53-05,photo_32_2025-11-11_22-53-05,2025-11-11T22:53:05-0500,2025-11-12 03:53:05+00:00,1280,960,67.767578125,0.1458112597465515,15.153976440429688,18.737756729125977,21527.904261929107,66,0,66,5.40185546875,lab_threshold_v0.1,359,28,0.0
Mision_Prueba__photo_33_2025-11-11_22-53-05,photo_33_2025-11-11_22-53-05,2025-11-11T22:53:05-0500,2025-11-12 03:53:05+00:00,960,1280,26.120361328125004,0.060275375843048096,68.60091400146484,18.771385192871094,4484.906923890755,134,0,134,2.68115234375,lab_threshold_v0.1,107,29,0.0
Mision_Prueba__photo_34_2025-11-11_22-53-05,photo_34_2025-11-11_22-53-05,2025-11-11T22:53:05-0500,2025-11-12 03:53:05+00:00,1280,960,25.344319661458332,0.05510536953806877,24.439184188842773,18.77471160888672,6106.000800519706,159,0,159,2.4716796875,lab_threshold_v0.1,83,30,0.0
Mision_Prueba__photo_35_2025-11-11_22-53-05,photo_35_2025-11-11_22-53-05,2025-11-11T22:53:05-0500,2025-11-12 03:53:05+00:00,1280,960,13.576416015625,0.12197431176900864,7.380683422088623,18.747575759887695,3024.927203776336,226,0,226,0.5061848958333334,lab_threshold_v0.1,163,31,0.0
Mision_Prueba__photo_36_2025-11-11_22-53-05,photo_36_2025-11-11_22-53-05,2025-11-11T22:53:05-0500,2025-11-12 03:53:05+00:00,1280,960,37.298909505208336,0.09050848335027695,18.651918411254883,18.759096145629883,10042.871737251524,103,0,103,3.1971028645833335,lab_threshold_v0.1,207,32,0.0
Mision_Prueba__photo_37_2025-11-11_22-53-05,photo_37_2025-11-11_22-53-05,2025-11-11T22:53:05-0500,2025-11-12 03:53:05+00:00,1280,960,53.278157552083336,0.09969452023506165,25.03485107421875,18.75580596923828,11338.910880292242,81,0,81,6.355875651041667,lab_threshold_v0.1,241,33,0.0
Mision_Prueba__photo_38_2025-11-11_22-53-05,photo_38_2025-11-11_22-53-05,2025-11-11T22:53:05-0500,2025-11-12 03:53:05+00:00,1280,960,40.400797526041664,0.0983816608786583,-2.303741931915283,18.756574630737305,12849.671190875222,208,0,208,4.138509114583333,lab_threshold_v0.1,195,34,0.0
Mision_Prueba__photo_39_2025-11-11_22-53-05,photo_39_2025-11-11_22-53-05,2025-11-11T22:53:05-0500,2025-11-12 03:53:05+00:00,1280,960,8.410319010416668,0.09965913742780685,8.246722221374512,18.756376266479492,13602.101221969853,181,0,181,0.5677083333333334,lab_threshold_v0.1,97,35,0.0
Mision_Prueba__photo_3_2025-11-11_22-53-05,photo_3_2025-11-11_22-53-05,2025-11-11T22:53:05-0500,2025-11-12 03:53:05+00:00,1280,960,56.252604166666664,0.16169172525405884,0.42176568508148193,18.732057571411133,5854.12230360921,103,0,103,6.187337239583333,lab_threshold_v0.1,183,36,0.0
Mision_Prueba__photo_40_2025-11-11_22-53-05,photo_40_2025-11-11_22-53-05,2025-11-11T22:53:05-0500,2025-11-12 03:53:05+00:00,1280,960,32.928385416666664,0.06229521334171295,127.37881469726562,18.769914627075195,11256.434866796973,75,0,75,2.0877278645833335,lab_threshold_v0.1,130,37,0.0
Mision_Prueba__photo_41_2025-11-11_22-53-05,photo_41_2025-11-11_22-53-05,2025-11-11T22:53:05-0500,2025-11-12 03:53:05+00:00,1280,960,29.233642578125004,0.1338798999786377,6.428402423858643,18.742202758789062,14947.662367100023,177,0,177,1.99755859375,lab_threshold_v0.1,234,38,0.0
Mision_Prueba__photo_42_2025-11-11_22-53-05,photo_42_2025-11-11_22-53-05,2025-11-11T22:53:05-0500,2025-11-12 03:53:05+00:00,1280,960,41.33780924479167,0.06890550255775452,22.614200592041016,18.76796531677246,15538.478054447422,136,0,136,3.9814453125,lab_threshold_v0.1,89,39,0.0
Mision_Prueba__photo_43_2025-11-11_22-53-05,photo_43_2025-11-11_22-53-05,2025-11-11T22:53:05-0500,2025-11-12 03:53:05+00:00,1280,960,60.57828776041667,0.11252185702323914,15.040366172790527,18.750612258911133,18940.893952518443,58,0,58,5.766764322916667,lab_threshold_v0.1,236,40,0.0
Mision_Prueba__photo_44_2025-11-11_22-53-05,photo_44_2025-11-11_22-53-05,2025-11-11T22:53:05-0500,2025-11-12 03:53:05+00:00,1280,960,34.11051432291667,0.0977499932050705,23.176828384399414,18.75599479675293,14592.187347464831,34,0,34,1.5620930989583333,lab_threshold_v0.1,180,41,0.0
Mision_Prueba__photo_45_2025-11-11_22-53-05,photo_45_2025-11-11_22-53-05,2025-11-11T22:53:05-0500,2025-11-12 03:53:05+00:00,1280,960,77.25748697916667,0.1733008325099945,1.124546766281128,18.727052688598633,12902.015033321359,142,0,142,7.589436848958333,lab_threshold_v0.1,341,42,0.0
Mision_Prueba__photo_46_2025-11-11_22-53-05,photo_46_2025-11-11_22-53-05,2025-11-11T22:53:05-0500,2025-11-12 03:53:05+00:00,1280,960,75.722900390625,0.15628103911876678,1.8370310068130493,18.733787536621094,10885.786613981014,310,0,310,7.924397786458333,lab_threshold_v0.1,296,43,0.0
Mision_Prueba__photo_47_2025-11-11_22-53-05,photo_47_2025-11-11_22-53-05,2025-11-11T22:53:05-0500,2025-11-12 03:53:05+00:00,1280,960,42.433349609375,0.1664625108242035,0.6577004194259644,18.729928970336914,10062.797744665808,362,0,362,2.8181966145833335,lab_threshold_v0.1,191,44,0.0
Mision_Prueba__photo_48_2025-11-11_22-53-05,photo_48_2025-11-11_22-53-05,2025-11-11T22:53:05-0500,2025-11-12 03:53:05+00:00,1280,960,27.985270182291664,0.16522900760173798,3.651456594467163,18.730405807495117,8301.752188566206,348,0,348,1.4139811197916667,lab_threshold_v0.1,236,45,0.0
Mision_Prueba__photo_49_2025-11-11_22-53-05,photo_49_2025-11-11_22-53-05,2025-11-11T22:53:05-0500,2025-11-12 03:53:05+00:00,1280,960,60.57828776041667,0.11252185702323914,15.040366172790527,18.750612258911133,18940.893952518443,58,0,58,5.766764322916667,lab_threshold_v0.1,236,46,0.0
Mision_Prueba__photo_4_2025-11-11_22-53-05,photo_4_2025-11-11_22-53-05,2025-11-11T22:53:05-0500,2025-11-12 03:53:05+00:00,1280,960,35.56722005208333,0.15897580981254578,0.23795470595359802,18.733491897583008,3503.023115496308,114,0,114,2.1925455729166665,lab_threshold_v0.1,105,47,0.0
Mision_Prueba__photo_50_2025-11-11_22-53-05,photo_50_2025-11-11_22-53-05,2025-11-11T22:53:05-0500,2025-11-12 03:53:05+00:00,1280,960,34.11051432291667,0.0977499932050705,23.176828384399414,18.75599479675293,14592.187347464831,34,0,34,1.5620930989583333,lab_threshold_v0.1,180,48,0.0
Mision_Prueba__photo_51_2025-11-11_22-53-05,photo_51_2025-11-11_22-53-05,2025-11-11T22:53:05-0500,2025-11-12 03:53:05+00:00,1280,960,77.25748697916667,0.1733008325099945,1.124546766281128,18.727052688598633,12902.015033321359,142,0,142,7.589436848958333,lab_threshold_v0.1,341,49,0.0
Mision_Prueba__photo_52_2025-11-11_22-53-05,photo_52_2025-11-11_22-53-05,2025-11-11T22:53:05-0500,2025-11-12 03:53:05+00:00,1280,960,75.722900390625,0.15628103911876678,1.8370310068130493,18.733787536621094,10885.786613981014,310,0,310,7.924397786458333,lab_threshold_v0.1,296,50,0.0
Mision_Prueba__photo_53_2025-11-11_22-53-05,photo_53_2025-11-11_22-53-05,2025-11-11T22:53:05-0500,2025-11-12 03:53:05+00:00,1280,960,42.433349609375,0.1664625108242035,0.6577004194259644,18.729928970336914,10062.797744665808,362,0,362,2.8181966145833335,lab_threshold_v0.1,191,51,0.0
Mision_Prueba__photo_54_2025-11-11_22-53-05,photo_54_2025-11-11_22-53-05,2025-11-11T22:53:05-0500,2025-11-12 03:53:05+00:00,1280,960,27.985270182291664,0.16522900760173798,3.651456594467163,18.730405807495117,8301.752188566206,348,0,348,1.4139811197916667,lab_threshold_v0.1,236,52,0.0
Mision_Prueba__photo_55_2025-11-11_22-53-05,photo_55_2025-11-11_22-53-05,2025-11-11T22:53:05-0500,2025-11-12 03:53:05+00:00,1280,960,77.09440104166667,0.15104280412197113,9.501534461975098,18.7353515625,13331.796470389201,168,0,168,8.234130859375,lab_threshold_v0.1,280,53,0.0
Mision_Prueba__photo_56_2025-11-11_22-53-05,photo_56_2025-11-11_22-53-05,2025-11-11T22:53:05-0500,2025-11-12 03:53:05+00:00,1280,960,50.32983398437501,0.10190144181251526,22.223546981811523,18.754924774169922,13778.282715204528,115,0,115,3.7671712239583335,lab_threshold_v0.1,170,54,0.0
Mision_Prueba__photo_57_2025-11-11_22-53-05,photo_57_2025-11-11_22-53-05,2025-11-11T22:53:05-0500,2025-11-12 03:53:05+00:00,1280,960,55.27823893229167,0.11573533713817596,12.529779434204102,18.749256134033203,15944.951939043838,123,0,123,4.6923828125,lab_threshold_v0.1,233,55,0.0
Mision_Prueba__photo_58_2025-11-11_22-53-05,photo_58_2025-11-11_22-53-05,2025-11-11T22:53:05-0500,2025-11-12 03:53:05+00:00,1280,960,44.494547526041664,0.0919962003827095,50.91061782836914,18.75868797302246,16324.917814924447,50,0,50,3.3457845052083335,lab_threshold_v0.1,280,56,0.0
Mision_Prueba__photo_59_2025-11-11_22-53-05,photo_59_2025-11-11_22-53-05,2025-11-11T22:53:05-0500,2025-11-12 03:53:05+00:00,1280,960,34.831949869791664,0.10915905982255936,8.162120819091797,18.752166748046875,18136.88660285436,87,0,87,1.762451171875,lab_threshold_v0.1,143,57,0.0
Mision_Prueba__photo_5_2025-11-11_22-53-05,photo_5_2025-11-11_22-53-05,2025-11-11T22:53:05-0500,2025-11-12 03:53:05+00:00,1280,960,57.912760416666664,0.14471514523029327,1.2361044883728027,18.73851203918457,3927.071701437311,123,1,122,5.86328125,lab_threshold_v0.1,164,58,0.8130081300813009
Mision_Prueba__photo_60_2025-11-11_22-53-05,photo_60_2025-11-11_22-53-05,2025-11-11T22:53:05-0500,2025-11-12 03:53:05+00:00,1280,960,22.409505208333332,0.11101081967353821,26.07293701171875,18.750957489013672,18508.739831335133,243,0,243,0.9000651041666666,lab_threshold_v0.1,227,59,0.0
Mision_Prueba__photo_61_2025-11-11_22-53-05,photo_61_2025-11-11_22-53-05,2025-11-11T22:53:05-0500,2025-11-12 03:53:05+00:00,1280,960,41.75008138020833,0.10085708647966385,14.916584968566895,18.754751205444336,13329.064427801657,53,0,53,2.93896484375,lab_threshold_v0.1,188,60,0.0
Mision_Prueba__photo_62_2025-11-11_22-53-05,photo_62_2025-11-11_22-53-05,2025-11-11T22:53:05-0500,2025-11-12 03:53:05+00:00,1280,960,37.67293294270833,0.10419291257858276,16.878934860229492,18.753435134887695,14353.76826433935,37,0,37,2.3213704427083335,lab_threshold_v0.1,215,61,0.0
Mision_Prueba__photo_63_2025-11-11_22-53-05,photo_63_2025-11-11_22-53-05,2025-11-11T22:53:05-0500,2025-11-12 03:53:05+00:00,960,1280,23.311930338541668,0.09430678188800812,13.052189826965332,18.758224487304688,2125.533366096798,86,0,86,1.8705240885416667,lab_threshold_v0.1,150,62,0.0
Mision_Prueba__photo_64_2025-11-11_22-53-05,photo_64_2025-11-11_22-53-05,2025-11-11T22:53:05-0500,2025-11-12 03:53:05+00:00,960,1280,41.619059244791664,0.14298169314861298,3.089237689971924,18.73906707763672,17243.0886233965,218,0,218,3.0818684895833335,lab_threshold_v0.1,254,63,0.0
Mision_Prueba__photo_65_2025-11-11_22-53-05,photo_65_2025-11-11_22-53-05,2025-11-11T22:53:05-0500,2025-11-12 03:53:05+00:00,960,1280,43.46240234375,0.09813959896564484,20.163650512695312,18.758026123046875,13541.034798168343,128,0,128,4.455240885416667,lab_threshold_v0.1,187,64,0.0
Mision_Prueba__photo_66_2025-11-11_22-53-05,photo_66_2025-11-11_22-53-05,2025-11-11T22:53:05-0500,2025-11-12 03:53:05+00:00,960,1280,39.581705729166664,0.13688252866268158,3.820417881011963,18.74188232421875,6002.213813488033,192,0,192,2.8717447916666665,lab_threshold_v0.1,223,65,0.0
Mision_Prueba__photo_67_2025-11-11_22-53-05,photo_67_2025-11-11_22-53-05,2025-11-11T22:53:05-0500,2025-11-12 03:53:05+00:00,960,1280,62.219156901041664,0.12855879962444305,12.58004379272461,18.744714736938477,10854.759452806971,89,1,88,6.030436197916667,lab_threshold_v0.1,270,66,1.1235955056179776
Mision_Prueba__photo_68_2025-11-11_22-53-05,photo_68_2025-11-11_22-53-05,2025-11-11T22:53:05-0500,2025-11-12 03:53:05+00:00,960,1280,32.127685546875,0.056123293936252594,4.718956470489502,18.774559020996094,10829.748480591354,122,0,122,3.0479329427083335,lab_threshold_v0.1,111,67,0.0
Mision_Prueba__photo_69_2025-11-11_22-53-05,photo_69_2025-11-11_22-53-05,2025-11-11T22:53:05-0500,2025-11-12 03:53:05+00:00,960,1280,43.177164713541664,0.0846695601940155,16.626192092895508,18.76288604736328,11397.457544165432,92,0,92,4.178955078125,lab_threshold_v0.1,168,68,0.0
Mision_Prueba__photo_6_2025-11-11_22-53-05,photo_6_2025-11-11_22-53-05,2025-11-11T22:53:05-0500,2025-11-12 03:53:05+00:00,1280,960,66.286376953125,0.16799437999725342,1.897868275642395,18.728731155395508,2699.8763220920137,125,0,125,6.643391927083333,lab_threshold_v0.1,187,69,0.0
Mision_Prueba__photo_70_2025-11-11_22-53-05,photo_70_2025-11-11_22-53-05,2025-11-11T22:53:05-0500,2025-11-12 03:53:05+00:00,1280,960,52.502278645833336,0.10185904055833817,0.38845095038414,18.755931854248047,14081.294571688166,117,0,117,3.5391438802083335,lab_threshold_v0.1,123,70,0.0
Mision_Prueba__photo_71_2025-11-11_22-53-05,photo_71_2025-11-11_22-53-05,2025-11-11T22:53:05-0500,2025-11-12 03:53:05+00:00,1280,960,44.217529296875,0.08441081643104553,15.81359577178955,18.76218032836914,19105.68052739239,144,0,144,3.8697102864583335,lab_threshold_v0.1,95,71,0.0
Mision_Prueba__photo_72_2025-11-11_22-53-05,photo_72_2025-11-11_22-53-05,2025-11-11T22:53:05-0500,2025-11-12 03:53:05+00:00,1280,960,14.082031249999998,0.07644819468259811,2.1534583568573,18.764995574951172,8482.990549311156,99,0,99,0.9261067708333334,lab_threshold_v0.1,95,72,0.0
Mision_Prueba__photo_73_2025-11-11_22-53-05,photo_73_2025-11-11_22-53-05,2025-11-11T22:53:05-0500,2025-11-12 03:53:05+00:00,1280,960,43.73478190104167,0.13643771409988403,-0.7104318737983704,18.742292404174805,6056.785332764383,117,0,117,2.9983723958333335,lab_threshold_v0.1,399,73,0.0
Mision_Prueba__photo_74_2025-11-11_22-53-05,photo_74_2025-11-11_22-53-05,2025-11-11T22:53:05-0500,2025-11-12 03:53:05+00:00,1280,960,92.91471354166667,0.2484491467475891,1.3743369579315186,18.696456909179688,7079.8084342208695,74,0,74,10.748697916666666,lab_threshold_v0.1,465,74,0.0
Mision_Prueba__photo_75_2025-11-11_22-53-05,photo_75_2025-11-11_22-53-05,2025-11-11T22:53:05-0500,2025-11-12 03:53:05+00:00,1280,960,53.905110677083336,0.10423707216978073,0.9114091992378235,18.75577735900879,21058.61617808341,224,0,224,3.8668619791666665,lab_threshold_v0.1,12,75,0.0
Mision_Prueba__photo_76_2025-11-11_22-53-05,photo_76_2025-11-11_22-53-05,2025-11-11T22:53:05-0500,2025-11-12 03:53:05+00:00,1280,960,60.005289713541664,0.16156867146492004,46.12162780761719,18.731664657592773,4104.730159480282,73,0,73,6.142333984375,lab_threshold_v0.1,277,76,0.0
Mision_Prueba__photo_77_2025-11-11_22-53-05,photo_77_2025-11-11_22-53-05,2025-11-11T22:53:05-0500,2025-11-12 03:53:05+00:00,1280,960,46.008951822916664,0.11490879207849503,8.418222427368164,18.751014709472656,20753.62942375945,94,1,93,3.2027180989583335,lab_threshold_v0.1,190,77,1.0638297872340425
Mision_Prueba__photo_78_2025-11-11_22-53-05,photo_78_2025-11-11_22-53-05,2025-11-11T22:53:05-0500,2025-11-12 03:53:05+00:00,1280,960,48.17195638020833,0.0963868647813797,34.98448181152344,18.757905960083008,20016.905878158006,127,0,127,4.319986979166667,lab_threshold_v0.1,200,78,0.0
Mision_Prueba__photo_79_2025-11-11_22-53-05,photo_79_2025-11-11_22-53-05,2025-11-11T22:53:05-0500,2025-11-12 03:53:05+00:00,1280,960,5.148111979166667,0.08509572595357895,6.158513069152832,18.761516571044922,9213.644367116893,39,0,39,0.3709309895833333,lab_threshold_v0.1,33,79,0.0
Mision_Prueba__photo_7_2025-11-11_22-53-05,photo_7_2025-11-11_22-53-05,2025-11-11T22:53:05-0500,2025-11-12 03:53:05+00:00,1280,960,54.58504231770833,0.14020779728889465,1.993970513343811,18.739810943603516,4082.3155079606136,155,0,155,5.939453125,lab_threshold_v0.1,211,80,0.0
Mision_Prueba__photo_80_2025-11-11_22-53-05,photo_80_2025-11-11_22-53-05,2025-11-11T22:53:05-0500,2025-11-12 03:53:05+00:00,1280,960,18.745198567708332,0.13295044004917145,0.34299182891845703,18.743671417236328,16942.379251472965,255,0,255,1.3504231770833333,lab_threshold_v0.1,104,81,0.0
Mision_Prueba__photo_81_2025-11-11_22-53-05,photo_81_2025-11-11_22-53-05,2025-11-11T22:53:05-0500,2025-11-12 03:53:05+00:00,1280,960,29.089925130208332,0.11461056023836136,1.169490098953247,18.750730514526367,20848.77003105858,223,0,223,1.522705078125,lab_threshold_v0.1,205,82,0.0
Mision_Prueba__photo_82_2025-11-11_22-53-05,photo_82_2025-11-11_22-53-05,2025-11-11T22:53:05-0500,2025-11-12 03:53:05+00:00,1280,960,47.185872395833336,0.10368166118860245,12.823530197143555,18.75404167175293,10198.052089529689,110,0,110,4.790120442708333,lab_threshold_v0.1,204,83,0.0
Mision_Prueba__photo_83_2025-11-11_22-53-05,photo_83_2025-11-11_22-53-05,2025-11-11T22:53:05-0500,2025-11-12 03:53:05+00:00,1280,960,12.938557942708334,0.11317289620637894,10.336394309997559,18.75032615661621,10926.116183420132,130,0,130,1.5398763020833333,lab_threshold_v0.1,92,84,0.0
Mision_Prueba__photo_84_2025-11-11_22-53-05,photo_84_2025-11-11_22-53-05,2025-11-11T22:53:05-0500,2025-11-12 03:53:05+00:00,1280,960,0.18595377604166666,0.0320860780775547,6.680281639099121,18.782428741455078,7839.041423181535,4,0,4,0.015869140625,lab_threshold_v0.1,3,85,0.0
Mision_Prueba__photo_85_2025-11-11_22-53-05,photo_85_2025-11-11_22-53-05,2025-11-11T22:53:05-0500,2025-11-12 03:53:05+00:00,1280,960,6.680013020833334,0.10487289726734161,9.760063171386719,18.753406524658203,11556.404506965873,83,0,83,0.3595377604166667,lab_threshold_v0.1,44,86,0.0
Mision_Prueba__photo_8_2025-11-11_22-53-05,photo_8_2025-11-11_22-53-05,2025-11-11T22:53:05-0500,2025-11-12 03:53:05+00:00,1280,960,61.354085286458336,0.14748360216617584,0.38336431980133057,18.737403869628906,1424.7403156876853,101,1,100,4.923502604166667,lab_threshold_v0.1,169,87,0.9900990099009901
Mision_Prueba__photo_9_2025-11-11_22-53-05,photo_9_2025-11-11_22-53-05,2025-11-11T22:53:05-0500,2025-11-12 03:53:05+00:00,1280,960,24.343505859375,0.13788802921772003,2.4840712547302246,18.741525650024414,2133.723169916693,200,0,200,1.6500651041666667,lab_threshold_v0.1,142,88,0.0
Mision_Prueba__photo_10_2025-11-11_22-53-26,photo_10_2025-11-11_22-53-26,2025-11-11T22:53:26-0500,2025-11-12 03:53:26+00:00,1280,960,49.306070963541664,0.08238092809915543,35.38514709472656,18.76204490661621,11679.249385253863,50,0,50,3.125732421875,lab_threshold_v0.1,250,89,0.0
Mision_Prueba__photo_11_2025-11-11_22-53-26,photo_11_2025-11-11_22-53-26,2025-11-11T22:53:26-0500,2025-11-12 03:53:26+00:00,1280,960,32.079345703125,0.1036469042301178,31.623571395874023,18.754121780395508,5334.5351662276535,173,0,173,2.543212890625,lab_threshold_v0.1,168,90,0.0
Mision_Prueba__photo_12_2025-11-11_22-53-26,photo_12_2025-11-11_22-53-26,2025-11-11T22:53:26-0500,2025-11-12 03:53:26+00:00,1280,960,32.354899088541664,0.11260858178138733,14.943695068359375,18.7506160736084,9647.205442560813,160,0,160,1.9287923177083333,lab_threshold_v0.1,187,91,0.0
Mision_Prueba__photo_13_2025-11-11_22-53-26,photo_13_2025-11-11_22-53-26,2025-11-11T22:53:26-0500,2025-11-12 03:53:26+00:00,1280,960,45.565185546875,0.09090668708086014,20.68857765197754,18.759172439575195,9358.71138572311,96,1,95,5.049967447916667,lab_threshold_v0.1,169,92,1.0416666666666665
Mision_Prueba__photo_14_2025-11-11_22-53-26,photo_14_2025-11-11_22-53-26,2025-11-11T22:53:26-0500,2025-11-12 03:53:26+00:00,1280,960,14.572998046875,0.11148344725370407,6.422934532165527,18.750757217407227,6271.9087937037075,217,0,217,0.6580403645833334,lab_threshold_v0.1,170,93,0.0
Mision_Prueba__photo_15_2025-11-11_22-53-26,photo_15_2025-11-11_22-53-26,2025-11-11T22:53:26-0500,2025-11-12 03:53:26+00:00,1280,960,23.166748046875,0.11689265072345734,13.988007545471191,18.74899673461914,8481.493924122273,231,0,231,1.0345052083333333,lab_threshold_v0.1,193,94,0.0
Mision_Prueba__photo_16_2025-11-11_22-53-26,photo_16_2025-11-11_22-53-26,2025-11-11T22:53:26-0500,2025-11-12 03:53:26+00:00,1280,960,56.99641927083333,0.12046769261360168,18.0202693939209,18.747468948364258,10008.467227594363,85,0,85,6.582356770833333,lab_threshold_v0.1,224,95,0.0
Mision_Prueba__photo_17_2025-11-11_22-53-26,photo_17_2025-11-11_22-53-26,2025-11-11T22:53:26-0500,2025-11-12 03:53:26+00:00,1280,960,52.75,0.10954790562391281,45.19017791748047,18.75204086303711,13055.07819664076,104,0,104,5.153157552083333,lab_threshold_v0.1,219,96,0.0
Mision_Prueba__photo_18_2025-11-11_22-53-26,photo_18_2025-11-11_22-53-26,2025-11-11T22:53:26-0500,2025-11-12 03:53:26+00:00,1280,960,45.9794921875,0.1315208077430725,4.634239196777344,18.743547439575195,4903.961390219981,226,0,226,3.35546875,lab_threshold_v0.1,223,97,0.0
Mision_Prueba__photo_19_2025-11-11_22-53-26,photo_19_2025-11-11_22-53-26,2025-11-11T22:53:26-0500,2025-11-12 03:53:26+00:00,1280,960,59.59147135416667,0.1435299813747406,9.392691612243652,18.738452911376953,3499.767806593464,128,0,128,6.092936197916667,lab_threshold_v0.1,215,98,0.0
Mision_Prueba__photo_1_2025-11-11_22-53-26,photo_1_2025-11-11_22-53-26,2025-11-11T22:53:26-0500,2025-11-12 03:53:26+00:00,1280,960,19.555501302083332,0.01936347223818302,37.26045608520508,18.78857421875,2298.112254864309,155,0,155,1.42626953125,lab_threshold_v0.1,50,99,0.0
Mision_Prueba__photo_20_2025-11-11_22-53-26,photo_20_2025-11-11_22-53-26,2025-11-11T22:53:26-0500,2025-11-12 03:53:26+00:00,1280,960,51.350992838541664,0.10515566170215607,95.04409790039062,18.753589630126953,12218.454080124888,160,0,160,4.491617838541667,lab_threshold_v0.1,175,100,0.0
Mision_Prueba__photo_21_2025-11-11_22-53-26,photo_21_2025-11-11_22-53-26,2025-11-11T22:53:26-0500,2025-11-12 03:53:26+00:00,1280,960,31.312906901041664,0.13766337931156158,4.4844818115234375,18.741024017333984,5269.293698744533,244,0,244,1.7504069010416667,lab_threshold_v0.1,206,101,0.0
Mision_Prueba__photo_22_2025-11-11_22-53-26,photo_22_2025-11-11_22-53-26,2025-11-11T22:53:26-0500,2025-11-12 03:53:26+00:00,1280,960,65.25423177083334,0.14962974190711975,14.490310668945312,18.735727310180664,5860.571881228881,93,0,93,6.994059244791667,lab_threshold_v0.1,254,102,0.0
Mision_Prueba__photo_23_2025-11-11_22-53-26,photo_23_2025-11-11_22-53-26,2025-11-11T22:53:26-0500,2025-11-12 03:53:26+00:00,1280,960,60.690836588541664,0.13055461645126343,36.9375,18.743141174316406,6166.576038584646,97,0,97,5.699462890625,lab_threshold_v0.1,224,103,0.0
Mision_Prueba__photo_24_2025-11-11_22-53-26,photo_24_2025-11-11_22-53-26,2025-11-11T22:53:26-0500,2025-11-12 03:53:26+00:00,1280,960,66.42179361979167,0.17541871964931488,4.924221515655518,18.725496292114258,6090.534819333226,135,0,135,5.71533203125,lab_threshold_v0.1,316,104,0.0
Mision_Prueba__photo_25_2025-11-11_22-53-26,photo_25_2025-11-11_22-53-26,2025-11-11T22:53:26-0500,2025-11-12 03:53:26+00:00,1280,960,75.26204427083333,0.1686248928308487,39.40333557128906,18.7276611328125,5315.192002952552,94,0,94,8.268473307291666,lab_threshold_v0.1,274,105,0.0
Mision_Prueba__photo_26_2025-11-11_22-53-26,photo_26_2025-11-11_22-53-26,2025-11-11T22:53:26-0500,2025-11-12 03:53:26+00:00,1280,960,58.6630859375,0.1550622582435608,28.195308685302734,18.733314514160156,6748.608893938588,125,0,125,4.824381510416667,lab_threshold_v0.1,274,106,0.0
Mision_Prueba__photo_27_2025-11-11_22-53-26,photo_27_2025-11-11_22-53-26,2025-11-11T22:53:26-0500,2025-11-12 03:53:26+00:00,1280,960,69.83577473958333,0.15905854105949402,13.159394264221191,18.7322940826416,9151.436959625995,143,0,143,6.556559244791667,lab_threshold_v0.1,297,107,0.0
Mision_Prueba__photo_28_2025-11-11_22-53-26,photo_28_2025-11-11_22-53-26,2025-11-11T22:53:26-0500,2025-11-12 03:53:26+00:00,1280,720,24.78493923611111,0.09732605516910553,53.5873908996582,18.75591278076172,7873.64556833512,58,0,58,2.0065104166666665,lab_threshold_v0.1,69,108,0.0
Mision_Prueba__photo_29_2025-11-11_22-53-26,photo_29_2025-11-11_22-53-26,2025-11-11T22:53:26-0500,2025-11-12 03:53:26+00:00,1280,720,70.74891493055556,0.1885710209608078,158.86578369140625,18.718599319458008,12652.131682163377,56,0,56,8.556966145833334,lab_threshold_v0.1,223,109,0.0
Mision_Prueba__photo_2_2025-11-11_22-53-26,photo_2_2025-11-11_22-53-26,2025-11-11T22:53:26-0500,2025-11-12 03:53:26+00:00,1280,960,19.120198567708332,0.01910286396741867,49.256221771240234,18.788679122924805,2261.3071589555097,179,0,179,1.4195149739583333,lab_threshold_v0.1,48,110,0.0
Mision_Prueba__photo_30_2025-11-11_22-53-26,photo_30_2025-11-11_22-53-26,2025-11-11T22:53:26-0500,2025-11-12 03:53:26+00:00,1280,960,55.389485677083336,0.13738606870174408,5.599305152893066,18.740434646606445,3660.4916647624714,73,0,73,5.669840494791667,lab_threshold_v0.1,214,111,0.0
Mision_Prueba__photo_31_2025-11-11_22-53-26,photo_31_2025-11-11_22-53-26,2025-11-11T22:53:26-0500,2025-11-12 03:53:26+00:00,1280,960,19.525960286458332,0.11687532812356949,8.601970672607422,18.748706817626953,5255.669257200072,180,0,180,0.888427734375,lab_threshold_v0.1,175,112,0.0
Mision_Prueba__photo_3_2025-11-11_22-53-26,photo_3_2025-11-11_22-53-26,2025-11-11T22:53:26-0500,2025-11-12 03:53:26+00:00,1280,960,18.016764322916668,0.014873574487864971,40.88053512573242,18.790250778198242,2172.3248497563563,152,0,152,1.206787109375,lab_threshold_v0.1,47,113,0.0
Mision_Prueba__photo_4_2025-11-11_22-53-26,photo_4_2025-11-11_22-53-26,2025-11-11T22:53:26-0500,2025-11-12 03:53:26+00:00,1280,960,29.965332031250004,0.07592015713453293,30.92466163635254,18.765342712402344,15487.439984177669,87,0,87,1.713623046875,lab_threshold_v0.1,129,114,0.0
Mision_Prueba__photo_5_2025-11-11_22-53-26,photo_5_2025-11-11_22-53-26,2025-11-11T22:53:26-0500,2025-11-12 03:53:26+00:00,1280,960,36.894368489583336,0.09875135868787766,54.71232604980469,18.7554988861084,11746.77379580029,26,0,26,1.4073079427083333,lab_threshold_v0.1,327,115,0.0
Mision_Prueba__photo_6_2025-11-11_22-53-26,photo_6_2025-11-11_22-53-26,2025-11-11T22:53:26-0500,2025-11-12 03:53:26+00:00,1280,960,38.434814453125,0.07675471901893616,34.02460861206055,18.7652530670166,17718.904152861844,70,0,70,2.8516438802083335,lab_threshold_v0.1,145,116,0.0
Mision_Prueba__photo_7_2025-11-11_22-53-26,photo_7_2025-11-11_22-53-26,2025-11-11T22:53:26-0500,2025-11-12 03:53:26+00:00,1280,960,17.561197916666664,0.014126745983958244,43.44060134887695,18.79047203063965,2094.3311524277206,140,0,140,1.1244303385416667,lab_threshold_v0.1,30,117,0.0
Mision_Prueba__photo_8_2025-11-11_22-53-26,photo_8_2025-11-11_22-53-26,2025-11-11T22:53:26-0500,2025-11-12 03:53:26+00:00,1280,960,41.095784505208336,0.07761220633983612,30.416627883911133,18.7645263671875,14741.453275040516,74,0,74,2.88134765625,lab_threshold_v0.1,153,118,0.0
Mision_Prueba__photo_9_2025-11-11_22-53-26,photo_9_2025-11-11_22-53-26,2025-11-11T22:53:26-0500,2025-11-12 03:53:26+00:00,1280,960,50.94694010416667,0.09609051793813705,48.85398483276367,18.756855010986328,14507.523801765914,72,0,72,3.949462890625,lab_threshold_v0.1,244,119,0.0
Mision_Prueba__1761486495339,1761486495339,2025-11-11T22:54:27-0500,2025-11-12 03:54:27+00:00,2592,1936,51.49161676742169,0.0747457817196846,-0.6572336554527283,18.764577865600586,1833.2284116750163,675,0,675,1.1827755139781655,lab_threshold_v0.1,325,120,0.0
Mision_Prueba__1761487242574,1761487242574,2025-11-11T22:54:27-0500,2025-11-12 03:54:27+00:00,2592,1936,55.55852479976533,0.08005887269973755,-2.0243067741394043,18.7619686126709,1018.772140113095,650,0,650,2.0610141822263035,lab_threshold_v0.1,286,121,0.0
Mision_Prueba__1761487246499,1761487246499,2025-11-11T22:54:27-0500,2025-11-12 03:54:27+00:00,2592,1936,42.12943035149475,0.06532847136259079,-0.19834426045417786,18.76849937438965,1185.0312432136384,692,0,692,1.318603490715233,lab_threshold_v0.1,248,122,0.0
Mision_Prueba__1761487263938,1761487263938,2025-11-11T22:54:27-0500,2025-11-12 03:54:27+00:00,2592,1936,40.85614270865218,0.05082091689109802,-2.4699959754943848,18.774394989013672,2303.03354422565,1841,0,1841,0.5633792151311091,lab_threshold_v0.1,141,123,0.0
Mision_Prueba__1761487341811,1761487341811,2025-11-11T22:54:27-0500,2025-11-12 03:54:27+00:00,2592,1936,34.38611971992654,0.04554196819663048,0.07931399345397949,18.776906967163086,1241.1457595018883,822,0,822,1.0300288235894297,lab_threshold_v0.1,209,124,0.0
Mision_Prueba__1761487346270,1761487346270,2025-11-11T22:54:27-0500,2025-11-12 03:54:27+00:00,2592,1936,28.12786960514233,0.022468972951173782,0.1924932301044464,18.784944534301758,537.2973160343101,945,0,945,1.4055485409652075,lab_threshold_v0.1,139,125,0.0
Mision_Prueba__1761487349901,1761487349901,2025-11-11T22:54:27-0500,2025-11-12 03:54:27+00:00,2592,1936,29.61055871212121,0.02309027686715126,0.1587139368057251,18.784395217895508,421.62870281142114,888,0,888,1.4680421640648913,lab_threshold_v0.1,156,126,0.0
Mision_Prueba__1761487354596,1761487354596,2025-11-11T22:54:27-0500,2025-11-12 03:54:27+00:00,2592,1936,40.99920448168554,0.0718906968832016,0.5720715522766113,18.765644073486328,1040.2876553205008,273,0,273,1.6567585578002244,lab_threshold_v0.1,410,127,0.0
Mision_Prueba__1761487358970,1761487358970,2025-11-11T22:54:27-0500,2025-11-12 03:54:27+00:00,2592,1936,50.630994286297316,0.08331987261772156,-0.29243335127830505,18.761131286621094,1432.2433730370346,491,0,491,1.7104440873380267,lab_threshold_v0.1,428,128,0.0
Mision_Prueba__1761487363732,1761487363732,2025-11-11T22:54:27-0500,2025-11-12 03:54:27+00:00,2592,1936,51.50901374859708,0.0817195475101471,0.3181106746196747,18.761720657348633,1562.9200887256914,577,0,577,1.8908705106621773,lab_threshold_v0.1,437,129,0.0
Mision_Prueba__1761487372962,1761487372962,2025-11-11T22:54:27-0500,2025-11-12 03:54:27+00:00,2592,1936,49.63279018084889,0.07608653604984283,-0.16315968334674835,18.76390838623047,582.3838151852137,426,0,426,1.397736838077747,lab_threshold_v0.1,399,130,0.0
Mision_Prueba__1761487379103,1761487379103,2025-11-11T22:54:27-0500,2025-11-12 03:54:27+00:00,2592,1936,29.722712446434034,0.03531849384307861,0.21748174726963043,18.780763626098633,836.5202908301092,595,0,595,1.0842723319049077,lab_threshold_v0.1,164,131,0.0
Mision_Prueba__1761487388425,1761487388425,2025-11-11T22:54:27-0500,2025-11-12 03:54:27+00:00,2592,1936,7.336922731098867,-0.00710931746289134,-0.4690825045108795,18.79526710510254,383.72239700938036,390,0,390,0.19690672507907356,lab_threshold_v0.1,55,132,0.0
Mision_Prueba__1761487251198,1761487251198,2025-11-11T22:54:28-0500,2025-11-12 03:54:28+00:00,2592,1936,44.28968504489338,0.06537337601184845,-0.5050439834594727,18.76866912841797,1206.3691514686334,601,0,601,1.5431301652892562,lab_threshold_v0.1,263,133,0.0
Mision_Prueba__1761487256422,1761487256422,2025-11-11T22:54:28-0500,2025-11-12 03:54:28+00:00,2592,1936,25.77353793617998,0.011002524755895138,0.2198071926832199,18.789655685424805,741.2165281687404,254,0,254,1.3971390036730946,lab_threshold_v0.1,219,134,0.0
Mision_Prueba__1761487268846,1761487268846,2025-11-11T22:54:28-0500,2025-11-12 03:54:28+00:00,2592,1936,36.20034785991225,0.04951676353812218,-2.813001871109009,18.774808883666992,2219.1825823016393,1504,0,1504,0.8609811817671666,lab_threshold_v0.1,151,135,0.0
Mision_Prueba__1761487337225,1761487337225,2025-11-11T22:54:28-0500,2025-11-12 03:54:28+00:00,2592,1936,6.200519239108254,0.10131459683179855,0.060053568333387375,18.75381851196289,1329.5779740069238,327,0,327,0.08786172967044178,lab_threshold_v0.1,218,136,0.0
Mision_Prueba__1761487367830,1761487367830,2025-11-11T22:54:28-0500,2025-11-12 03:54:28+00:00,2592,1936,40.66399873099684,0.06584444642066956,0.8128184676170349,18.76828384399414,1636.3253267299433,695,0,695,1.0049795620344864,lab_threshold_v0.1,299,137,0.0
Mision_Prueba__1761487401228,1761487401228,2025-11-11T22:54:28-0500,2025-11-12 03:54:28+00:00,2592,1936,17.598371658504234,0.025534896180033684,0.4089159071445465,18.783082962036133,273.974506892957,473,0,473,0.6941455272421182,lab_threshold_v0.1,94,138,0.0
Mision_Prueba__1761487429178,1761487429178,2025-11-11T22:54:28-0500,2025-11-12 03:54:28+00:00,2592,1936,24.013154748239977,0.033473894000053406,1.1388533115386963,18.78146743774414,578.9950636605622,308,0,308,1.2944509807672686,lab_threshold_v0.1,130,139,0.0
Mision_Prueba__1761487434380,1761487434380,2025-11-11T22:54:28-0500,2025-11-12 03:54:28+00:00,2592,1936,16.728004476584022,0.002369210822507739,0.7448839545249939,18.793170928955078,457.1753317294229,463,0,463,0.6912559942862974,lab_threshold_v0.1,73,140,0.0
Mision_Prueba__1761487441085,1761487441085,2025-11-11T22:54:28-0500,2025-11-12 03:54:28+00:00,2592,1936,20.19181716151413,0.0529773086309433,-0.4975329339504242,18.773027420043945,221.08302533905317,136,0,136,0.7252329162840526,lab_threshold_v0.1,111,141,0.0
Mision_Prueba__1761487444618,1761487444618,2025-11-11T22:54:28-0500,2025-11-12 03:54:28+00:00,2592,1936,37.26146407254362,0.05453203245997429,-0.13984732329845428,18.773168563842773,682.8133846891494,203,0,203,1.7565969033772064,lab_threshold_v0.1,139,142,0.0
Mision_Prueba__1761487449122,1761487449122,2025-11-11T22:54:28-0500,2025-11-12 03:54:28+00:00,2592,1936,27.432169708448118,0.0287886131554842,0.22811821103096008,18.782644271850586,531.1137389688789,253,0,253,1.0870622257932865,lab_threshold_v0.1,136,143,0.0
Mision_Prueba__1761487453124,1761487453124,2025-11-11T22:54:28-0500,2025-11-12 03:54:28+00:00,2592,1936,27.77482846138149,0.029146986082196236,0.3531448245048523,18.781906127929688,472.56104708726787,434,0,434,1.0173348063973064,lab_threshold_v0.1,141,144,0.0
Mision_Prueba__1761487461539,1761487461539,2025-11-11T22:54:28-0500,2025-11-12 03:54:28+00:00,2592,1936,32.30872487501276,0.04302215948700905,0.6302340030670166,18.77696990966797,463.9037912921563,336,0,336,1.3885899716865626,lab_threshold_v0.1,153,145,0.0
Mision_Prueba__1761487464502,1761487464502,2025-11-11T22:54:28-0500,2025-11-12 03:54:28+00:00,2592,1936,31.807201592949696,0.03220705687999725,0.41637274622917175,18.78057098388672,353.6540462171198,455,0,455,1.7175981723803693,lab_threshold_v0.1,176,146,0.0
Mision_Prueba__1761487481482,1761487481482,2025-11-11T22:54:28-0500,2025-11-12 03:54:28+00:00,2592,1936,17.39357351928375,0.009583696722984314,1.2707322835922241,18.79046058654785,1098.5971648057098,603,0,603,0.833739860728497,lab_threshold_v0.1,107,147,0.0
Mision_Prueba__1761487486015,1761487486015,2025-11-11T22:54:28-0500,2025-11-12 03:54:28+00:00,2592,1936,18.5288809815325,-0.003754633478820324,3.38390851020813,18.79517936706543,443.8306360233374,347,0,347,0.7740560593306806,lab_threshold_v0.1,89,148,0.0
Mision_Prueba__1761487489421,1761487489421,2025-11-11T22:54:28-0500,2025-11-12 03:54:28+00:00,2592,1936,30.49234453117029,0.01892082765698433,0.5009014010429382,18.787181854248047,380.23180988956074,221,0,221,1.088377461483522,lab_threshold_v0.1,164,149,0.0
Mision_Prueba__1761487493061,1761487493061,2025-11-11T22:54:28-0500,2025-11-12 03:54:28+00:00,2592,1936,29.798617488011423,0.0617283470928669,0.03960860148072243,18.76952362060547,484.97925114591555,242,0,242,1.1051766082542598,lab_threshold_v0.1,178,150,0.0
Mision_Prueba__1761487496740,1761487496740,2025-11-11T22:54:28-0500,2025-11-12 03:54:28+00:00,2592,1936,12.185977515049483,0.011993130668997765,1.6992175579071045,18.78936004638672,246.0655244998699,212,0,212,0.33080170390776453,lab_threshold_v0.1,92,151,0.0
Mision_Prueba__1761487512936,1761487512936,2025-11-11T22:54:28-0500,2025-11-12 03:54:28+00:00,2592,1936,16.74468405647383,-0.006732337176799774,2.64479398727417,18.796005249023438,290.02936129832096,504,0,504,0.7808115881032548,lab_threshold_v0.1,76,152,0.0
Mision_Prueba__1761487516194,1761487516194,2025-11-11T22:54:28-0500,2025-11-12 03:54:28+00:00,2592,1936,5.981233579481685,-0.014185176230967045,0.17837592959403992,18.798017501831055,129.83802502767702,411,0,411,0.2608949341903887,lab_threshold_v0.1,2,153,0.0
Mision_Prueba__1761487469193,1761487469193,2025-11-11T22:54:29-0500,2025-11-12 03:54:29+00:00,2592,1936,34.278649021783494,0.03910920396447182,0.30290576815605164,18.779176712036133,750.6294163664866,648,0,648,0.9218207963473115,lab_threshold_v0.1,192,154,0.0
Mision_Prueba__1761487505446,1761487505446,2025-11-11T22:54:29-0500,2025-11-12 03:54:29+00:00,2592,1936,30.9536734134272,0.03440772742033005,3.5206491947174072,18.780710220336914,705.7009183859717,541,0,541,0.6637755394857667,lab_threshold_v0.1,105,155,0.0
Mision_Prueba__1761487509026,1761487509026,2025-11-11T22:54:29-0500,2025-11-12 03:54:29+00:00,2592,1936,15.942908408580758,0.008048828691244125,3.22977352142334,18.7904109954834,454.6439559633655,451,0,451,0.6386465666768697,lab_threshold_v0.1,106,156,0.0
